timestamp,systolic_bp_mmhg
2024-01-15 08:00:30+00:00,119.88143470794813
2024-01-15 08:01:30+00:00,120.85032200496009
2024-01-15 08:02:30+00:00,123.26701170983328
2024-01-15 08:03:30+00:00,126.22511249642591
2024-01-15 08:04:30+00:00,124.70421395082654
2024-01-15 08:05:30+00:00,124.05773585649243
2024-01-15 08:06:30+00:00,122.63325523270994
2024-01-15 08:07:30+00:00,118.16694167226788
2024-01-15 08:08:30+00:00,118.29750261699007
2024-01-15 08:09:20+00:00,116.30526616400685
2024-01-15 08:09:30+00:00,112.9103830325611
2024-01-15 08:09:50+00:00,118.01901466624662
2024-01-15 08:10:20+00:00,113.99865533083604
2024-01-15 08:10:30+00:00,111.70898626945043
2024-01-15 08:10:50+00:00,113.06240908355835
2024-01-15 08:11:30+00:00,113.74197096936128
2024-01-15 08:12:30+00:00,
2024-01-15 08:13:30+00:00,119.23643956286388
2024-01-15 08:14:30+00:00,121.4416130504338
2024-01-15 08:15:30+00:00,125.20774325021073
2024-01-15 08:16:30+00:00,125.60426739274321
