timestamp,heart_rate_bpm
2024-01-15 08:00:00+00:00,72.60943415950887
2024-01-15 08:00:01+00:00,70.06996929533105
2024-01-15 08:00:02+00:00,73.80040264155339
2024-01-15 08:00:03+00:00,74.32944383020323
2024-01-15 08:00:04+00:00,68.69393761507752
2024-01-15 08:00:05+00:00,70.13785286403893
2024-01-15 08:00:06+00:00,73.14224142631859
2024-01-15 08:00:07+00:00,72.39620823767919
2024-01-15 08:00:08+00:00,73.13465271191737
2024-01-15 08:00:09+00:00,71.59880874718652
2024-01-15 08:00:10+00:00,75.19707256553826
2024-01-15 08:00:11+00:00,75.12364555764988
2024-01-15 08:00:12+00:00,73.82598881530754
2024-01-15 08:00:13+00:00,76.07004163114418
2024-01-15 08:00:14+00:00,74.86767174621716
2024-01-15 08:00:15+00:00,72.32633135430352
2024-01-15 08:00:16+00:00,74.88956984086357
2024-01-15 08:00:17+00:00,72.33607601376288
2024-01-15 08:00:18+00:00,76.10688133149701
2024-01-15 08:00:19+00:00,74.34039469239562
2024-01-15 08:00:20+00:00,74.15468822733317
2024-01-15 08:00:21+00:00,73.24041058797417
2024-01-15 08:00:22+00:00,77.11870475753236
2024-01-15 08:00:23+00:00,74.42923285664396
2024-01-15 08:00:24+00:00,73.93946161357547
2024-01-15 08:00:25+00:00,74.14268675709029
2024-01-15 08:00:26+00:00,75.95529292735829
2024-01-15 08:00:27+00:00,75.65805820220812
2024-01-15 08:00:28+00:00,75.78181441315736
2024-01-15 08:00:29+00:00,75.83978097912853
2024-01-15 08:00:30+00:00,79.27578016155309
2024-01-15 08:00:31+00:00,74.18652125979884
2024-01-15 08:00:32+00:00,73.97423535098144
2024-01-15 08:00:33+00:00,73.36304962886601
2024-01-15 08:00:34+00:00,76.20695327650839
2024-01-15 08:00:35+00:00,77.20990242606359
2024-01-15 08:00:36+00:00,74.69364797732484
2024-01-15 08:00:37+00:00,73.20351265500085
2024-01-15 08:00:38+00:00,73.18993783167977
2024-01-15 08:00:39+00:00,76.08806472066101
2024-01-15 08:00:40+00:00,76.21440062288393
2024-01-15 08:00:41+00:00,75.74839564251052
2024-01-15 08:00:42+00:00,73.25860868536924
2024-01-15 08:00:43+00:00,74.97501901852894
2024-01-15 08:00:44+00:00,74.65886082974022
2024-01-15 08:00:45+00:00,74.77159678412178
2024-01-15 08:00:46+00:00,75.97997319242654
2024-01-15 08:00:47+00:00,74.58161115592189
2024-01-15 08:00:48+00:00,75.38421666779725
2024-01-15 08:00:49+00:00,74.0484522453813
2024-01-15 08:00:50+00:00,74.37365522969183
2024-01-15 08:00:51+00:00,74.93562760385133
2024-01-15 08:00:52+00:00,70.63219247575306
2024-01-15 08:00:53+00:00,72.77674919115505
2024-01-15 08:00:54+00:00,72.3413943321159
2024-01-15 08:00:55+00:00,71.86722727967032
2024-01-15 08:00:56+00:00,72.45467994801434
2024-01-15 08:00:57+00:00,75.85231665949644
2024-01-15 08:00:58+00:00,70.98608575625546
2024-01-15 08:00:59+00:00,74.50782465126605
2024-01-15 08:01:00+00:00,69.05762048094799
2024-01-15 08:01:01+00:00,71.60462386672576
2024-01-15 08:01:02+00:00,72.45024811750989
2024-01-15 08:01:03+00:00,73.14722292061711
2024-01-15 08:01:04+00:00,73.24733072930297
2024-01-15 08:01:05+00:00,73.26210906680953
2024-01-15 08:01:06+00:00,70.82931277307338
2024-01-15 08:01:07+00:00,70.45459049965066
2024-01-15 08:01:08+00:00,72.94932845643382
2024-01-15 08:01:09+00:00,70.70676681211148
2024-01-15 08:01:10+00:00,68.3962776702553
2024-01-15 08:01:11+00:00,68.54198107013515
2024-01-15 08:01:12+00:00,68.83353409811222
2024-01-15 08:01:13+00:00,71.53396154214043
2024-01-15 08:01:14+00:00,70.69534304941564
2024-01-15 08:01:15+00:00,71.6662867519085
2024-01-15 08:01:16+00:00,69.30992103449877
2024-01-15 08:01:17+00:00,70.36520397095792
2024-01-15 08:01:18+00:00,71.18788231038275
2024-01-15 08:01:19+00:00,69.21174254829998
2024-01-15 08:01:20+00:00,70.64314298919103
2024-01-15 08:01:21+00:00,68.31057235458812
2024-01-15 08:01:22+00:00,68.81906097367663
2024-01-15 08:01:23+00:00,68.69857310877701
2024-01-15 08:01:24+00:00,66.99359339158116
2024-01-15 08:01:25+00:00,70.28897688688541
2024-01-15 08:01:26+00:00,68.31269750934618
2024-01-15 08:01:27+00:00,69.21983050478002
2024-01-15 08:01:28+00:00,70.10668709614326
2024-01-15 08:01:29+00:00,69.99574317019797
2024-01-15 08:01:30+00:00,70.39817986495028
2024-01-15 08:01:31+00:00,68.84249745547145
2024-01-15 08:01:32+00:00,68.1723303650113
2024-01-15 08:01:33+00:00,68.84640026191056
2024-01-15 08:01:34+00:00,65.62556135939164
2024-01-15 08:01:35+00:00,66.1078966882277
2024-01-15 08:01:36+00:00,66.36610694878367
2024-01-15 08:01:37+00:00,67.0338667368969
2024-01-15 08:01:38+00:00,69.85219061557387
2024-01-15 08:01:39+00:00,67.27333268107442
2024-01-15 08:01:40+00:00,68.3669020679318
2024-01-15 08:01:41+00:00,71.7678105896644
2024-01-15 08:01:42+00:00,68.51002801089396
2024-01-15 08:01:43+00:00,70.75773121252806
2024-01-15 08:01:44+00:00,67.4824006728198
2024-01-15 08:01:45+00:00,69.01232140398496
2024-01-15 08:01:46+00:00,67.60315356350714
2024-01-15 08:01:47+00:00,68.91137338064242
2024-01-15 08:01:48+00:00,71.36232281224683
2024-01-15 08:01:49+00:00,66.32512722214862
2024-01-15 08:01:50+00:00,70.75222631038054
2024-01-15 08:01:51+00:00,70.46775163283577
2024-01-15 08:01:52+00:00,68.91790017498946
2024-01-15 08:01:53+00:00,67.33273754933006
2024-01-15 08:01:54+00:00,70.49220238763482
2024-01-15 08:01:55+00:00,69.41617734937462
2024-01-15 08:01:56+00:00,71.07154588446814
2024-01-15 08:01:57+00:00,70.7844122375273
2024-01-15 08:01:58+00:00,74.08192778815113
2024-01-15 08:01:59+00:00,70.54012430044473
2024-01-15 08:02:00+00:00,69.1147585201595
2024-01-15 08:02:01+00:00,71.66531790501446
2024-01-15 08:02:02+00:00,71.89350585512724
2024-01-15 08:02:03+00:00,74.31999942392332
2024-01-15 08:02:04+00:00,73.42095428337666
2024-01-15 08:02:05+00:00,72.61420446865635
2024-01-15 08:02:06+00:00,74.97704748389218
2024-01-15 08:02:07+00:00,69.82276886591897
2024-01-15 08:02:08+00:00,71.07014454905199
2024-01-15 08:02:09+00:00,70.64497443478382
2024-01-15 08:02:10+00:00,71.8657403579519
2024-01-15 08:02:11+00:00,70.03760825200573
2024-01-15 08:02:12+00:00,74.20492598416895
2024-01-15 08:02:13+00:00,72.63148616628085
2024-01-15 08:02:14+00:00,70.27293717284448
2024-01-15 08:02:15+00:00,71.31897405892677
2024-01-15 08:02:16+00:00,74.10936774831622
2024-01-15 08:02:17+00:00,75.2870959431328
2024-01-15 08:02:18+00:00,77.72878107654816
2024-01-15 08:02:19+00:00,79.68318331650373
2024-01-15 08:02:20+00:00,74.79977866270836
2024-01-15 08:02:21+00:00,72.10245859472556
2024-01-15 08:02:22+00:00,69.92281455891501
2024-01-15 08:02:23+00:00,74.8222362017719
2024-01-15 08:02:24+00:00,72.7551214009268
2024-01-15 08:02:25+00:00,73.63852811667515
2024-01-15 08:02:26+00:00,73.32711626376609
2024-01-15 08:02:27+00:00,74.34541836794588
2024-01-15 08:02:28+00:00,76.82808474901017
2024-01-15 08:02:29+00:00,75.0726066623776
2024-13-45 99:99:99,74.49673025624683
not-a-date,72.79114929318693
,71.55439312668574
2024-01-15 08:02:33+00:00,73.96518752991193
2024-01-15 08:02:34+00:00,74.85693959999436
2024-01-15 08:02:35+00:00,78.5196561644933
2024-01-15 08:02:36+00:00,75.25617907906958
2024-01-15 08:02:37+00:00,76.96545524196387
2024-01-15 08:02:38+00:00,73.99823282844102
2024-01-15 08:02:39+00:00,72.61629379893881
2024-01-15 08:02:40+00:00,73.03784121540541
2024-01-15 08:02:41+00:00,73.49209737778969
2024-01-15 08:02:42+00:00,79.16660889740558
2024-01-15 08:02:43+00:00,73.22674334150575
2024-01-15 08:02:44+00:00,76.499170077512
2024-01-15 08:02:45+00:00,72.96195827454397
2024-01-15 08:02:46+00:00,76.56966152701737
2024-01-15 08:02:47+00:00,75.40835542480431
2024-01-15 08:02:48+00:00,74.25052092894866
2024-01-15 08:02:49+00:00,74.40120674705508
2024-01-15 08:02:50+00:00,73.08588594701169
2024-01-15 08:02:51+00:00,75.19434787356663
2024-01-15 08:02:52+00:00,73.29322433294078
2024-01-15 08:02:53+00:00,71.64746075827351
2024-01-15 08:02:54+00:00,71.4330325416073
2024-01-15 08:02:55+00:00,74.21934769670682
2024-01-15 08:02:56+00:00,76.91293409149615
2024-01-15 08:02:57+00:00,73.95092855814514
2024-01-15 08:02:58+00:00,73.26578591715389
2024-01-15 08:02:59+00:00,73.94307521331055
2024-01-15 08:03:00+00:00,75.84835893913892
2024-01-15 08:03:01+00:00,73.53696273531494
2024-01-15 08:03:02+00:00,72.13544062538058
2024-01-15 08:03:03+00:00,75.02657712246067
2024-01-15 08:03:04+00:00,73.52618261922396
2024-01-15 08:03:05+00:00,75.59318044013328
2024-01-15 08:03:06+00:00,72.73983214496499
2024-01-15 08:03:07+00:00,69.7751868077276
2024-01-15 08:03:08+00:00,69.33800787786873
2024-01-15 08:03:09+00:00,75.22619776903151
2024-01-15 08:03:10+00:00,75.22187808018116
2024-01-15 08:03:11+00:00,71.26627646208453
2024-01-15 08:03:12+00:00,70.71064501405908
2024-01-15 08:03:13+00:00,74.25292018699307
2024-01-15 08:03:14+00:00,68.97062675668019
2024-01-15 08:03:15+00:00,69.25198838122152
2024-01-15 08:03:16+00:00,72.1872162016223
2024-01-15 08:03:17+00:00,69.97322058052954
2024-01-15 08:03:18+00:00,70.61714858523389
2024-01-15 08:03:19+00:00,70.16889881841337
2024-01-15 08:03:20+00:00,71.04308576492976
2024-01-15 08:03:21+00:00,73.05913175019833
2024-01-15 08:03:22+00:00,70.30595786712485
2024-01-15 08:03:23+00:00,71.29797271890072
2024-01-15 08:03:24+00:00,65.80003173515732
2024-01-15 08:03:25+00:00,69.69846790492538
2024-01-15 08:03:26+00:00,68.01048203012351
2024-01-15 08:03:27+00:00,67.16611075594975
2024-01-15 08:03:28+00:00,67.76021585888553
2024-01-15 08:03:29+00:00,68.76726483243452
2024-01-15 08:03:30+00:00,71.19271780479703
2024-01-15 08:03:31+00:00,66.6401246346444
2024-01-15 08:03:32+00:00,69.29293672035041
2024-01-15 08:03:33+00:00,68.20901790747813
2024-01-15 08:03:34+00:00,68.47474876246551
2024-01-15 08:03:35+00:00,71.09552204684718
2024-01-15 08:03:36+00:00,70.13342218380838
2024-01-15 08:03:37+00:00,71.70652792738893
2024-01-15 08:03:38+00:00,68.70467988158107
2024-01-15 08:03:39+00:00,67.61122976097714
2024-01-15 08:03:40+00:00,68.55231174658688
2024-01-15 08:03:41+00:00,69.48943572311431
2024-01-15 08:03:42+00:00,69.36948895229546
2024-01-15 08:03:43+00:00,66.86692377629008
2024-01-15 08:03:44+00:00,69.2434463758018
2024-01-15 08:03:45+00:00,69.55303266774402
2024-01-15 08:03:46+00:00,74.17289032536158
2024-01-15 08:03:47+00:00,72.940151369528
2024-01-15 08:03:48+00:00,67.53552772188833
2024-01-15 08:03:49+00:00,68.72969350356031
2024-01-15 08:03:50+00:00,66.44675947226071
2024-01-15 08:03:51+00:00,68.26797722081392
2024-01-15 08:03:52+00:00,70.16272422227456
2024-01-15 08:03:53+00:00,72.03151435212304
2024-01-15 08:03:54+00:00,68.25588157275568
2024-01-15 08:03:55+00:00,68.50571219238289
2024-01-15 08:03:56+00:00,65.62484668619132
2024-01-15 08:03:57+00:00,69.70471293232214
2024-01-15 08:03:58+00:00,68.02075983956978
2024-01-15 08:03:59+00:00,69.20688876101673
2024-01-15 08:04:00+00:00,68.63655968966351
2024-01-15 08:04:01+00:00,70.33029322630308
2024-01-15 08:04:02+00:00,67.13560082368294
2024-01-15 08:04:03+00:00,67.8525780406706
2024-01-15 08:04:04+00:00,75.18380637734612
2024-01-15 08:04:05+00:00,68.49179677250856
2024-01-15 08:04:06+00:00,69.01673346899331
2024-01-15 08:04:07+00:00,75.02976820056104
2024-01-15 08:04:08+00:00,77.31332181213588
2024-01-15 08:04:09+00:00,69.30854231832195
2024-01-15 08:04:10+00:00,71.06453639437034
2024-01-15 08:04:11+00:00,72.634001452412
2024-01-15 08:04:12+00:00,75.5582644304746
2024-01-15 08:04:13+00:00,70.27688165561685
2024-01-15 08:04:14+00:00,71.90914043237561
2024-01-15 08:04:15+00:00,74.10247255601689
2024-01-15 08:04:16+00:00,73.56406162423785
2024-01-15 08:04:17+00:00,72.08721344227133
2024-01-15 08:04:18+00:00,72.714777388381
2024-01-15 08:04:19+00:00,70.37307388669731
2024-01-15 08:04:20+00:00,72.7841536225306
2024-01-15 08:04:21+00:00,72.86221114118476
2024-01-15 08:04:22+00:00,73.99032417236964
2024-01-15 08:04:23+00:00,72.54251406112806
2024-01-15 08:04:24+00:00,74.71929758921195
2024-01-15 08:04:25+00:00,75.92026459879438
2024-01-15 08:04:26+00:00,74.31956794192673
2024-01-15 08:04:27+00:00,74.82107769972241
2024-01-15 08:04:28+00:00,74.32743836501308
2024-01-15 08:04:29+00:00,74.31930758053981
2024-01-15 08:04:30+00:00,72.96823721256916
2024-01-15 08:04:31+00:00,75.13052916090874
2024-01-15 08:04:32+00:00,74.38291224774251
2024-01-15 08:04:33+00:00,78.8373244981551
2024-01-15 08:04:34+00:00,77.86457403187588
2024-01-15 08:04:35+00:00,75.54964043353888
2024-01-15 08:04:36+00:00,73.30497258894279
2024-01-15 08:04:37+00:00,72.65232750115268
2024-01-15 08:04:38+00:00,77.29830841036265
2024-01-15 08:04:39+00:00,75.47310447591931
2024-01-15 08:04:40+00:00,75.93210887386783
2024-01-15 08:04:41+00:00,71.49943812712311
2024-01-15 08:04:42+00:00,76.85280512936012
2024-01-15 08:04:43+00:00,75.90859364871993
2024-01-15 08:04:44+00:00,72.77321858932012
2024-01-15 08:04:45+00:00,74.0378736884984
2024-01-15 08:04:46+00:00,75.48775030153688
2024-01-15 08:04:47+00:00,75.03724283093253
2024-01-15 08:04:48+00:00,74.31263095804073
2024-01-15 08:04:49+00:00,74.64741996433412
2024-01-15 08:04:50+00:00,74.30073041016027
2024-01-15 08:04:51+00:00,75.05308860462236
2024-01-15 08:04:52+00:00,77.62735746240783
2024-01-15 08:04:53+00:00,69.48075703476665
2024-01-15 08:04:54+00:00,74.06353996440943
2024-01-15 08:04:55+00:00,74.80709013310899
2024-01-15 08:04:56+00:00,74.95674418150014
2024-01-15 08:04:57+00:00,73.52570729228114
2024-01-15 08:04:58+00:00,70.65520048357875
2024-01-15 08:04:59+00:00,74.71832212886301
2024-01-15 08:05:50+00:00,69.80983520899684
2024-01-15 08:05:51+00:00,70.80285007185682
2024-01-15 08:05:52+00:00,68.01157918320203
2024-01-15 08:05:53+00:00,70.83189314354205
2024-01-15 08:05:54+00:00,71.39919576260452
2024-01-15 08:05:55+00:00,69.79273852049978
2024-01-15 08:05:56+00:00,69.86719524694064
2024-01-15 08:05:57+00:00,70.01699358288018
2024-01-15 08:05:58+00:00,67.83383813553678
2024-01-15 08:05:59+00:00,69.355790273119
2024-01-15 08:06:00+00:00,69.44199319478025
2024-01-15 08:06:01+00:00,70.61564784550822
2024-01-15 08:06:02+00:00,71.95570719715408
2024-01-15 08:06:03+00:00,67.95129391468656
2024-01-15 08:06:04+00:00,69.935483472142
2024-01-15 08:06:05+00:00,73.27008338343238
2024-01-15 08:06:06+00:00,68.94589777349468
2024-01-15 08:06:07+00:00,68.91839263792757
2024-01-15 08:06:08+00:00,71.10091551744671
2024-01-15 08:06:09+00:00,72.52174253924439
2024-01-15 08:06:10+00:00,70.99541025571249
2024-01-15 08:06:11+00:00,73.7726333813397
2024-01-15 08:06:12+00:00,72.97266697992319
2024-01-15 08:06:13+00:00,73.08893787949353
2024-01-15 08:06:14+00:00,72.66123592520559
2024-01-15 08:06:15+00:00,76.35713155999562
2024-01-15 08:06:16+00:00,71.44106969963282
2024-01-15 08:06:17+00:00,67.99428765120692
2024-01-15 08:06:18+00:00,75.35977678645473
2024-01-15 08:06:19+00:00,71.38542693820762
2024-01-15 08:06:20+00:00,72.66539251767492
2024-01-15 08:06:21+00:00,75.21641498266865
2024-01-15 08:06:22+00:00,69.53898354183103
2024-01-15 08:06:23+00:00,70.38453883738669
2024-01-15 08:06:24+00:00,69.82738891222199
2024-01-15 08:06:25+00:00,71.5812094016883
2024-01-15 08:06:26+00:00,74.18536929315268
2024-01-15 08:06:27+00:00,74.48782130612265
2024-01-15 08:06:28+00:00,74.12174565413021
2024-01-15 08:06:29+00:00,70.86949502664781
2024-01-15 08:06:30+00:00,69.19641273589352
2024-01-15 08:06:31+00:00,74.04237899172013
2024-01-15 08:06:32+00:00,73.10233879292774
2024-01-15 08:06:33+00:00,75.07176778123151
2024-01-15 08:06:34+00:00,75.65862749849899
2024-01-15 08:06:35+00:00,74.62729149205244
2024-01-15 08:06:36+00:00,75.96128738327303
2024-01-15 08:06:37+00:00,74.98355526356568
2024-01-15 08:06:38+00:00,75.66306171312795
2024-01-15 08:06:39+00:00,73.26487958760084
2024-01-15 08:06:40+00:00,74.37961292451996
2024-01-15 08:06:41+00:00,75.1901519213167
2024-01-15 08:06:42+00:00,76.48843061177853
2024-01-15 08:06:43+00:00,74.1035482981666
2024-01-15 08:06:44+00:00,75.96979606476515
2024-01-15 08:06:45+00:00,74.4248977508646
2024-01-15 08:06:46+00:00,74.74321488285146
2024-01-15 08:06:47+00:00,76.65161698739271
2024-01-15 08:06:48+00:00,71.0132579583197
2024-01-15 08:06:49+00:00,72.40573695665708
2024-01-15 08:06:50+00:00,72.02611858795076
2024-01-15 08:06:51+00:00,70.30759024712924
2024-01-15 08:06:52+00:00,73.5951912035455
2024-01-15 08:06:53+00:00,76.4201077173578
2024-01-15 08:06:54+00:00,74.31369004074119
2024-01-15 08:06:55+00:00,75.23404944923632
2024-01-15 08:06:56+00:00,76.96482069565332
2024-01-15 08:06:57+00:00,77.38270987051226
2024-01-15 08:06:58+00:00,74.52319671662478
2024-01-15 08:06:59+00:00,77.29612704991895
2024-01-15 08:07:00+00:00,74.6942202324764
2024-01-15 08:07:01+00:00,72.74990850265772
2024-01-15 08:07:02+00:00,73.14458178100581
2024-01-15 08:07:03+00:00,71.27515475435247
2024-01-15 08:07:04+00:00,72.35721596125065
2024-01-15 08:07:05+00:00,73.30937358372955
2024-01-15 08:07:06+00:00,75.51943782720792
2024-01-15 08:07:07+00:00,77.23588860577368
2024-01-15 08:07:08+00:00,70.9075821297989
2024-01-15 08:07:09+00:00,74.33101732201489
2024-01-15 08:07:10+00:00,71.33382913096752
2024-01-15 08:07:11+00:00,74.23032925434784
2024-01-15 08:07:12+00:00,72.88157817358936
2024-01-15 08:07:13+00:00,69.34189743777999
2024-01-15 08:07:14+00:00,74.71775193712016
2024-01-15 08:07:15+00:00,71.50645294647128
2024-01-15 08:07:16+00:00,71.5021595506392
2024-01-15 08:07:17+00:00,70.28253625686547
2024-01-15 08:07:18+00:00,70.96450069522442
2024-01-15 08:07:19+00:00,72.97919177323321
2024-01-15 08:07:20+00:00,71.59495739025598
2024-01-15 08:07:21+00:00,72.48087162796979
2024-01-15 08:07:22+00:00,72.39793392158545
2024-01-15 08:07:23+00:00,74.16677071984216
2024-01-15 08:07:24+00:00,70.69241843645096
2024-01-15 08:07:25+00:00,68.27837313310054
2024-01-15 08:07:26+00:00,73.22255100671082
2024-01-15 08:07:27+00:00,70.28342649580817
2024-01-15 08:07:28+00:00,73.03651783979045
2024-01-15 08:07:29+00:00,71.43799833412807
2024-01-15 08:07:30+00:00,70.27620140221178
2024-01-15 08:07:31+00:00,71.1069136532631
2024-01-15 08:07:32+00:00,74.18624815492392
2024-01-15 08:07:33+00:00,74.31733381113357
2024-01-15 08:07:34+00:00,70.18587535326681
2024-01-15 08:07:35+00:00,70.25611579985926
2024-01-15 08:07:36+00:00,71.98199604680003
2024-01-15 08:07:37+00:00,68.0373998652787
2024-01-15 08:07:38+00:00,70.29974588731025
2024-01-15 08:07:39+00:00,69.49267741217658
2024-01-15 08:07:40+00:00,70.08915521038959
2024-01-15 08:07:41+00:00,67.71788218588799
2024-01-15 08:07:42+00:00,66.13530290992301
2024-01-15 08:07:43+00:00,65.10500162995747
2024-01-15 08:07:44+00:00,66.95960202843717
2024-01-15 08:07:45+00:00,68.22743405023428
2024-01-15 08:07:46+00:00,68.51595236399427
2024-01-15 08:07:47+00:00,72.94159143141196
2024-01-15 08:07:48+00:00,71.25124006545265
2024-01-15 08:07:49+00:00,67.09459563679877
2024-01-15 08:07:50+00:00,69.70117082096372
2024-01-15 08:07:51+00:00,68.18605754577759
2024-01-15 08:07:52+00:00,68.43344434750993
2024-01-15 08:07:53+00:00,69.38227433623517
2024-01-15 08:07:54+00:00,70.26688567125932
2024-01-15 08:07:55+00:00,68.3743739633467
2024-01-15 08:07:56+00:00,71.21230772823714
2024-01-15 08:07:57+00:00,66.83972891217181
2024-01-15 08:07:58+00:00,69.18247367946087
2024-01-15 08:07:59+00:00,74.41840723537888
2024-01-15 08:08:00+00:00,182.0
2024-01-15 08:08:01+00:00,72.21668948185214
2024-01-15 08:08:02+00:00,69.60691934851663
2024-01-15 08:08:03+00:00,70.66549066726189
2024-01-15 08:08:04+00:00,69.47666643113276
2024-01-15 08:08:05+00:00,69.34173716387328
2024-01-15 08:08:06+00:00,68.22169945131547
2024-01-15 08:08:07+00:00,70.74492606482642
2024-01-15 08:08:08+00:00,68.29019616049439
2024-01-15 08:08:09+00:00,71.43840398201574
2024-01-15 08:08:10+00:00,72.39650141929644
2024-01-15 08:08:11+00:00,71.08211838344968
2024-01-15 08:08:12+00:00,69.90381276171675
2024-01-15 08:08:13+00:00,71.51530447820407
2024-01-15 08:08:14+00:00,70.1245711406875
2024-01-15 08:08:15+00:00,72.75069998657796
2024-01-15 08:08:16+00:00,67.35728245325558
2024-01-15 08:08:17+00:00,70.49181802460765
2024-01-15 08:08:18+00:00,67.32643889196983
2024-01-15 08:08:19+00:00,68.46470082557687
2024-01-15 08:08:20+00:00,74.3306692093345
2024-01-15 08:08:21+00:00,73.54242940866882
2024-01-15 08:08:22+00:00,70.46283339543788
2024-01-15 08:08:23+00:00,69.0467668314079
2024-01-15 08:08:24+00:00,66.27256654189314
2024-01-15 08:08:25+00:00,71.26397972025782
2024-01-15 08:08:26+00:00,77.34027003510629
2024-01-15 08:08:27+00:00,73.51642948810395
2024-01-15 08:08:28+00:00,71.67312099205445
2024-01-15 08:08:29+00:00,73.86605035082434
2024-01-15 08:08:30+00:00,69.95525835607762
2024-01-15 08:08:31+00:00,72.62112109024079
2024-01-15 08:08:32+00:00,73.55027672885764
2024-01-15 08:08:33+00:00,73.31129684567189
2024-01-15 08:08:34+00:00,75.19357878639958
2024-01-15 08:08:35+00:00,74.42569631233536
2024-01-15 08:08:36+00:00,75.19315710257611
2024-01-15 08:08:37+00:00,72.59521941257871
2024-01-15 08:08:38+00:00,75.87812482157784
2024-01-15 08:08:39+00:00,77.44569277725124
2024-01-15 08:08:40+00:00,72.34737631213598
2024-01-15 08:08:41+00:00,72.60642251246495
2024-01-15 08:08:42+00:00,77.14156767485471
2024-01-15 08:08:43+00:00,74.16932249598938
2024-01-15 08:08:44+00:00,77.43528602356578
2024-01-15 08:08:45+00:00,73.81163684605303
2024-01-15 08:08:46+00:00,77.66912408652749
2024-01-15 08:08:47+00:00,75.07743308628723
2024-01-15 08:08:48+00:00,75.37931293012349
2024-01-15 08:08:49+00:00,78.03352951035718
2024-01-15 08:08:50+00:00,74.21453197442341
2024-01-15 08:08:51+00:00,73.08246454755174
2024-01-15 08:08:52+00:00,74.08680590557681
2024-01-15 08:08:53+00:00,75.90036952335052
2024-01-15 08:08:54+00:00,71.86846308421003
2024-01-15 08:08:55+00:00,76.27170424966872
2024-01-15 08:08:56+00:00,73.90851067949919
2024-01-15 08:08:57+00:00,77.26350592838968
2024-01-15 08:08:58+00:00,70.15376913343452
2024-01-15 08:08:59+00:00,73.33621313729682
2024-01-15 08:09:00+00:00,71.4961914827453
2024-01-15 08:09:01+00:00,73.16928062494378
2024-01-15 08:09:02+00:00,75.26263025298715
2024-01-15 08:09:03+00:00,74.34748728802155
2024-01-15 08:09:04+00:00,74.13106404705613
2024-01-15 08:09:05+00:00,74.24473491401044
2024-01-15 08:09:06+00:00,74.88876018302602
2024-01-15 08:09:07+00:00,72.37758699625314
2024-01-15 08:09:08+00:00,75.71504833970468
2024-01-15 08:09:09+00:00,75.52761880231942
2024-01-15 08:09:10+00:00,74.8677959702775
2024-01-15 08:09:11+00:00,75.10097700611874
2024-01-15 08:09:12+00:00,74.46596740786649
2024-01-15 08:09:13+00:00,77.82381744433661
2024-01-15 08:09:14+00:00,73.4556386655917
2024-01-15 08:09:15+00:00,72.88774302112809
2024-01-15 08:09:16+00:00,71.86318275571782
2024-01-15 08:09:17+00:00,71.17061615272728
2024-01-15 08:09:18+00:00,70.6080142856457
2024-01-15 08:09:19+00:00,71.17843777798342
2024-01-15 08:09:20+00:00,72.67135660161946
2024-01-15 08:09:21+00:00,73.3359612122401
2024-01-15 08:09:22+00:00,72.622640582842
2024-01-15 08:09:23+00:00,70.84097080120333
2024-01-15 08:09:24+00:00,74.02316546479301
2024-01-15 08:09:25+00:00,73.55181978723351
2024-01-15 08:09:26+00:00,71.60371348557429
2024-01-15 08:09:27+00:00,70.46738590352899
2024-01-15 08:09:28+00:00,72.7208489633703
2024-01-15 08:09:29+00:00,71.85165504691031
2024-01-15 08:09:30+00:00,68.43247856060952
2024-01-15 08:09:31+00:00,71.04747559268465
2024-01-15 08:09:32+00:00,71.56425173849617
2024-01-15 08:09:33+00:00,69.09993360091545
2024-01-15 08:09:34+00:00,71.14090413795326
2024-01-15 08:09:35+00:00,67.71656287162399
2024-01-15 08:09:36+00:00,73.16700429696262
2024-01-15 08:09:37+00:00,72.86271895763306
2024-01-15 08:09:38+00:00,69.73805331147116
2024-01-15 08:09:39+00:00,70.85065701338587
2024-01-15 08:09:40+00:00,65.18925441576135
2024-01-15 08:09:41+00:00,67.58672925377387
2024-01-15 08:09:42+00:00,69.2074433055494
2024-01-15 08:09:43+00:00,67.55182302334325
2024-01-15 08:09:44+00:00,71.03172852928247
2024-01-15 08:09:45+00:00,73.51036653606425
2024-01-15 08:09:46+00:00,67.08159121881019
2024-01-15 08:09:47+00:00,67.68535264503518
2024-01-15 08:09:48+00:00,69.7632329119893
2024-01-15 08:09:49+00:00,72.45339294397007
2024-01-15 08:09:50+00:00,66.73215714989134
2024-01-15 08:09:51+00:00,69.62777941290885
2024-01-15 08:09:52+00:00,72.73228050050466
2024-01-15 08:09:53+00:00,65.75341441044229
2024-01-15 08:09:54+00:00,66.46940033654472
2024-01-15 08:09:55+00:00,68.16635118792996
2024-01-15 08:09:56+00:00,67.96187775944833
2024-01-15 08:09:57+00:00,70.62523814773206
2024-01-15 08:09:58+00:00,69.48783434765024
2024-01-15 08:09:59+00:00,65.4665572772196
2024-01-15 08:10:00+00:00,70.06672593352305
2024-01-15 08:10:01+00:00,67.90765977773762
2024-01-15 08:10:02+00:00,71.64580603748107
2024-01-15 08:10:03+00:00,67.8831667909662
2024-01-15 08:10:04+00:00,67.91369421289468
2024-01-15 08:10:05+00:00,70.32480213899834
2024-01-15 08:10:06+00:00,70.8308982370018
2024-01-15 08:10:07+00:00,70.2704863384529
2024-01-15 08:10:08+00:00,66.0788982275924
2024-01-15 08:10:09+00:00,70.60834043387818
2024-01-15 08:10:10+00:00,67.55200217827934
2024-01-15 08:10:11+00:00,70.18546444754902
2024-01-15 08:10:12+00:00,66.9674488257071
2024-01-15 08:10:13+00:00,70.81302903151393
2024-01-15 08:10:14+00:00,68.4178519228519
2024-01-15 08:10:15+00:00,67.58136677624627
2024-01-15 08:10:16+00:00,71.6944951396276
2024-01-15 08:10:17+00:00,70.8746946601406
2024-01-15 08:10:18+00:00,69.29202341234388
2024-01-15 08:10:19+00:00,73.55460539819548
2024-01-15 08:10:20+00:00,69.90658222089131
2024-01-15 08:10:21+00:00,70.99077142693385
2024-01-15 08:10:22+00:00,71.60573504007408
2024-01-15 08:10:23+00:00,69.97225808639872
2024-01-15 08:10:24+00:00,72.29951496591221
2024-01-15 08:10:25+00:00,70.43759666854982
2024-01-15 08:10:26+00:00,70.82972219075586
2024-01-15 08:10:27+00:00,74.5276489093013
2024-01-15 08:10:28+00:00,69.87105030717484
2024-01-15 08:10:29+00:00,67.2766399519332
2024-01-15 08:10:30+00:00,75.47379735709903
2024-01-15 08:10:31+00:00,77.49967234835377
2024-01-15 08:10:32+00:00,71.7385686560431
2024-01-15 08:10:33+00:00,68.82214936750553
2024-01-15 08:10:34+00:00,72.21983655691517
2024-01-15 08:10:35+00:00,72.41123609679615
2024-01-15 08:10:36+00:00,72.74425310890388
2024-01-15 08:10:37+00:00,71.03493383501859
2024-01-15 08:10:38+00:00,74.55528771401784
2024-01-15 08:10:39+00:00,74.57614600337585
2024-01-15 08:10:40+00:00,70.66546880408646
2024-01-15 08:10:41+00:00,75.17568745945933
2024-01-15 08:10:42+00:00,78.00123560291243
2024-01-15 08:10:43+00:00,74.35361927009606
2024-01-15 08:10:44+00:00,73.44385804740398
2024-01-15 08:10:45+00:00,73.93801654141397
2024-01-15 08:10:46+00:00,75.5504972026358
2024-01-15 08:10:47+00:00,70.95080240520628
2024-01-15 08:10:48+00:00,74.82705986187794
2024-01-15 08:10:49+00:00,73.79723900163881
2024-01-15 08:10:50+00:00,78.34726129654958
2024-01-15 08:10:51+00:00,74.37008252585649
2024-01-15 08:10:52+00:00,78.11422528428062
2024-01-15 08:10:53+00:00,72.62404605688646
2024-01-15 08:10:54+00:00,76.05204583246483
2024-01-15 08:10:55+00:00,75.55513575269066
2024-01-15 08:10:56+00:00,73.20975913636285
2024-01-15 08:10:57+00:00,75.32679616948279
2024-01-15 08:10:58+00:00,77.4137634599278
2024-01-15 08:10:59+00:00,74.35039396577973
2024-01-15 08:11:00+00:00,71.61581028198228
2024-01-15 08:11:01+00:00,74.95887035661708
2024-01-15 08:11:02+00:00,73.17592681845616
2024-01-15 08:11:03+00:00,74.27541774901911
2024-01-15 08:11:04+00:00,74.76885199780654
2024-01-15 08:11:05+00:00,71.48532247410313
2024-01-15 08:11:06+00:00,71.62266953771899
2024-01-15 08:11:07+00:00,75.76834571842396
2024-01-15 08:11:08+00:00,73.70199141633309
2024-01-15 08:11:09+00:00,69.55428974514244
2024-01-15 08:11:10+00:00,76.1831080737238
2024-01-15 08:11:11+00:00,75.08126889382152
2024-01-15 08:11:12+00:00,73.02554911550637
2024-01-15 08:11:13+00:00,71.73027575251349
2024-01-15 08:11:14+00:00,75.94028076898687
2024-01-15 08:11:15+00:00,74.86642454226427
2024-01-15 08:11:16+00:00,78.82656800398237
2024-01-15 08:11:17+00:00,74.79022844247571
2024-01-15 08:11:18+00:00,74.60887172131181
2024-01-15 08:11:19+00:00,73.37864106358597
2024-01-15 08:11:20+00:00,75.22079979276165
2024-01-15 08:11:21+00:00,74.70820230189025
2024-01-15 08:11:22+00:00,75.82862143713807
2024-01-15 08:11:23+00:00,72.14635286493275
2024-01-15 08:11:24+00:00,72.17903916098206
2024-01-15 08:11:25+00:00,71.94987908119498
2024-01-15 08:11:26+00:00,74.34565044089005
2024-01-15 08:11:27+00:00,75.61484773505036
2024-01-15 08:11:28+00:00,71.55292479884662
2024-01-15 08:11:29+00:00,71.47238899087125
2024-01-15 08:11:30+00:00,72.80061688205437
2024-01-15 08:11:31+00:00,71.5310343558772
2024-01-15 08:11:32+00:00,73.77670320212893
2024-01-15 08:11:33+00:00,67.2193982984668
2024-01-15 08:11:34+00:00,69.92059224324422
2024-01-15 08:11:35+00:00,69.86128389883025
2024-01-15 08:11:36+00:00,66.63895318136638
2024-01-15 08:11:37+00:00,69.20773741862813
2024-01-15 08:11:38+00:00,69.16221319065673
2024-01-15 08:11:39+00:00,70.45034539005523
2024-01-15 08:11:40+00:00,
2024-01-15 08:11:41+00:00,
2024-01-15 08:11:42+00:00,
2024-01-15 08:11:43+00:00,
2024-01-15 08:11:44+00:00,
2024-01-15 08:11:45+00:00,
2024-01-15 08:11:46+00:00,
2024-01-15 08:11:47+00:00,
2024-01-15 08:11:48+00:00,
2024-01-15 08:11:49+00:00,
2024-01-15 08:11:50+00:00,
2024-01-15 08:11:51+00:00,
2024-01-15 08:11:52+00:00,
2024-01-15 08:11:53+00:00,
2024-01-15 08:11:54+00:00,
2024-01-15 08:11:55+00:00,
2024-01-15 08:11:56+00:00,
2024-01-15 08:11:57+00:00,
2024-01-15 08:11:58+00:00,
2024-01-15 08:11:59+00:00,
2024-01-15 08:12:00+00:00,
2024-01-15 08:12:01+00:00,
2024-01-15 08:12:02+00:00,
2024-01-15 08:12:03+00:00,
2024-01-15 08:12:04+00:00,
2024-01-15 08:12:05+00:00,
2024-01-15 08:12:06+00:00,
2024-01-15 08:12:07+00:00,
2024-01-15 08:12:08+00:00,
2024-01-15 08:12:09+00:00,
2024-01-15 08:12:10+00:00,
2024-01-15 08:12:11+00:00,
2024-01-15 08:12:12+00:00,
2024-01-15 08:12:13+00:00,
2024-01-15 08:12:14+00:00,
2024-01-15 08:12:15+00:00,
2024-01-15 08:12:16+00:00,
2024-01-15 08:12:17+00:00,
2024-01-15 08:12:18+00:00,
2024-01-15 08:12:19+00:00,
2024-01-15 08:12:20+00:00,
2024-01-15 08:12:21+00:00,
2024-01-15 08:12:22+00:00,
2024-01-15 08:12:23+00:00,
2024-01-15 08:12:24+00:00,
2024-01-15 08:12:25+00:00,72.5591795796998
2024-01-15 08:12:26+00:00,74.42938861848663
2024-01-15 08:12:27+00:00,72.00640505836895
2024-01-15 08:12:28+00:00,70.37255180232783
2024-01-15 08:12:29+00:00,69.47410881028794
2024-01-15 08:12:30+00:00,71.42950618443192
2024-01-15 08:12:31+00:00,70.95579092291547
2024-01-15 08:12:32+00:00,69.67301521589151
2024-01-15 08:12:33+00:00,75.95023499357453
2024-01-15 08:12:34+00:00,75.57300127456142
2024-01-15 08:12:35+00:00,74.42469595630878
2024-01-15 08:12:36+00:00,70.46045049535927
2024-01-15 08:12:37+00:00,74.16098742048158
2024-01-15 08:12:38+00:00,73.87787193471216
2024-01-15 08:12:39+00:00,73.62988447191935
2024-01-15 08:12:40+00:00,75.3884362702157
2024-01-15 08:12:41+00:00,74.30193823316462
2024-01-15 08:12:42+00:00,74.65073717853251
2024-01-15 08:12:43+00:00,74.58110786907852
2024-01-15 08:12:44+00:00,74.12219715731898
2024-01-15 08:12:45+00:00,70.00311033527123
2024-01-15 08:12:46+00:00,73.8633679892322
2024-01-15 08:12:47+00:00,72.70529572516354
2024-01-15 08:12:48+00:00,71.37500828355458
2024-01-15 08:12:49+00:00,77.41049827547917
2024-01-15 08:12:50+00:00,77.61191446008634
2024-01-15 08:12:51+00:00,76.97404003263962
2024-01-15 08:12:52+00:00,74.86206289710663
2024-01-15 08:12:53+00:00,77.14304567119659
2024-01-15 08:12:54+00:00,74.54995793948056
2024-01-15 08:12:55+00:00,75.00918896755049
2024-01-15 08:12:56+00:00,72.48788687820037
2024-01-15 08:12:57+00:00,75.53336175246793
2024-01-15 08:12:58+00:00,74.9178535034474
2024-01-15 08:12:59+00:00,72.24248866863343
2024-01-15 08:13:00+00:00,74.78899193521907
2024-01-15 08:13:01+00:00,74.76829332809622
2024-01-15 08:13:02+00:00,78.55192322966118
2024-01-15 08:13:03+00:00,76.76688553159198
2024-01-15 08:13:04+00:00,75.01556313490634
2024-01-15 08:13:05+00:00,75.4969801363956
2024-01-15 08:13:06+00:00,75.08706658134007
2024-01-15 08:13:07+00:00,74.58455512097845
2024-01-15 08:13:08+00:00,72.80979556086585
2024-01-15 08:13:09+00:00,74.64937798978006
2024-01-15 08:13:10+00:00,73.4287398537799
2024-01-15 08:13:11+00:00,72.38245909160618
2024-01-15 08:13:12+00:00,75.86048137697578
2024-01-15 08:13:13+00:00,75.56842102982722
2024-01-15 08:13:14+00:00,71.15336737089409
2024-01-15 08:13:15+00:00,74.41548826640621
2024-01-15 08:13:16+00:00,76.57968470285687
2024-01-15 08:13:17+00:00,76.62768444163376
2024-01-15 08:13:18+00:00,76.47559389677143
2024-01-15 08:13:19+00:00,74.41037133378944
2024-01-15 08:13:20+00:00,72.54524882549974
2024-01-15 08:13:21+00:00,71.96514920361213
2024-01-15 08:13:22+00:00,74.7136337881823
2024-01-15 08:13:23+00:00,74.66980116211818
2024-01-15 08:13:24+00:00,76.36794332392589
2024-01-15 08:13:25+00:00,75.87079813989881
2024-01-15 08:13:26+00:00,73.27976303770916
2024-01-15 08:13:27+00:00,70.92533035794412
2024-01-15 08:13:28+00:00,72.6415170675119
2024-01-15 08:13:29+00:00,73.57698213783941
2024-01-15 08:13:30+00:00,72.59828703976646
2024-01-15 08:13:31+00:00,71.70409348495816
2024-01-15 08:13:32+00:00,73.22093024518647
2024-01-15 08:13:33+00:00,71.56073651746897
2024-01-15 08:13:34+00:00,71.16458988403048
2024-01-15 08:13:35+00:00,72.89464618525824
2024-01-15 08:13:36+00:00,71.31809461179117
2024-01-15 08:13:37+00:00,72.4603226695523
2024-01-15 08:13:38+00:00,72.36862575759406
2024-01-15 08:13:39+00:00,69.39390789313396
2024-01-15 08:13:40+00:00,70.56164974585505
2024-01-15 08:13:41+00:00,74.2522413938763
2024-01-15 08:13:42+00:00,68.90664196563237
2024-01-15 08:13:43+00:00,66.85352816714857
2024-01-15 08:13:44+00:00,67.22146526436453
2024-01-15 08:13:45+00:00,70.86433053148332
2024-01-15 08:13:46+00:00,70.73188436351441
2024-01-15 08:13:47+00:00,70.30209144857453
2024-01-15 08:13:48+00:00,72.83661212460638
2024-01-15 08:13:49+00:00,64.93746149772474
2024-01-15 08:13:50+00:00,70.95418728993523
2024-01-15 08:13:51+00:00,73.16897836592554
2024-01-15 08:13:52+00:00,67.67920658130356
2024-01-15 08:13:53+00:00,69.06898324044609
2024-01-15 08:13:54+00:00,68.22206796100227
2024-01-15 08:13:55+00:00,67.84409442193753
2024-01-15 08:13:56+00:00,68.89111402357338
2024-01-15 08:13:57+00:00,72.31559974618273
2024-01-15 08:13:58+00:00,73.05874077955721
2024-01-15 08:13:59+00:00,68.64196594729545
2024-01-15 08:14:00+00:00,73.06055578438203
2024-01-15 08:14:01+00:00,69.26505174876347
2024-01-15 08:14:02+00:00,72.65175807836127
2024-01-15 08:14:03+00:00,68.91539352857438
2024-01-15 08:14:04+00:00,69.32896479657222
2024-01-15 08:14:05+00:00,69.76998775594754
2024-01-15 08:14:06+00:00,75.37633669651343
2024-01-15 08:14:07+00:00,70.70824288857216
2024-01-15 08:14:08+00:00,67.58566934132065
2024-01-15 08:14:09+00:00,70.94021874584678
2024-01-15 08:14:10+00:00,68.28807541647254
2024-01-15 08:14:11+00:00,68.04922670270288
2024-01-15 08:14:12+00:00,70.87034300107332
2024-01-15 08:14:13+00:00,69.1470902842171
2024-01-15 08:14:14+00:00,69.68113594916763
2024-01-15 08:14:15+00:00,69.19820811724335
2024-01-15 08:14:16+00:00,69.89673041219689
2024-01-15 08:14:17+00:00,70.13376208299425
2024-01-15 08:14:18+00:00,65.47695156157292
2024-01-15 08:14:19+00:00,70.75770730986495
2024-01-15 08:14:20+00:00,67.54063693245361
2024-01-15 08:14:21+00:00,66.7064283114937
2024-01-15 08:14:22+00:00,69.56657608436781
2024-01-15 08:14:23+00:00,69.94952286529386
2024-01-15 08:14:24+00:00,68.49825575861269
2024-01-15 08:14:25+00:00,71.65632476063503
2024-01-15 08:14:26+00:00,67.42391697291721
2024-01-15 08:14:27+00:00,69.41311441501435
2024-01-15 08:14:28+00:00,69.18041982145297
2024-01-15 08:14:29+00:00,70.38428344995565
2024-01-15 08:14:30+00:00,71.166282021343
2024-01-15 08:14:31+00:00,68.72734090593417
2024-01-15 08:14:32+00:00,72.32940704164659
2024-01-15 08:14:33+00:00,71.1473586178932
2024-01-15 08:14:34+00:00,67.38041967471753
2024-01-15 08:14:35+00:00,67.39217638499368
2024-01-15 08:14:36+00:00,71.4314940065323
2024-01-15 08:14:37+00:00,71.16233066869975
2024-01-15 08:14:38+00:00,71.54654691964942
2024-01-15 08:14:39+00:00,71.84716047996397
2024-01-15 08:14:40+00:00,72.5042254543366
2024-01-15 08:14:41+00:00,74.09825264052336
2024-01-15 08:14:42+00:00,70.13008398664617
2024-01-15 08:14:43+00:00,70.1568104193341
2024-01-15 08:14:44+00:00,70.4613140827899
2024-01-15 08:14:45+00:00,73.37138375928663
2024-01-15 08:14:46+00:00,75.42705034583739
2024-01-15 08:14:47+00:00,72.21573947475055
2024-01-15 08:14:48+00:00,68.21358594134672
2024-01-15 08:14:49+00:00,69.9445253526014
2024-01-15 08:14:50+00:00,71.81858250706587
2024-01-15 08:14:51+00:00,72.49763218581543
2024-01-15 08:14:52+00:00,72.92071482962336
2024-01-15 08:14:53+00:00,73.93471362807966
2024-01-15 08:14:54+00:00,73.34947510739671
2024-01-15 08:14:55+00:00,76.18213198513133
2024-01-15 08:14:56+00:00,72.83669560081583
2024-01-15 08:14:57+00:00,72.56390105569974
2024-01-15 08:14:58+00:00,75.3403746635744
2024-01-15 08:14:59+00:00,71.39947074044392
2024-01-15 08:15:00+00:00,75.33209398424236
2024-01-15 08:15:01+00:00,74.83339218735307
2024-01-15 08:15:02+00:00,74.40240674059741
2024-01-15 08:15:03+00:00,77.93610801068678
2024-01-15 08:15:04+00:00,73.57050752941123
2024-01-15 08:15:05+00:00,78.98384954459448
2024-01-15 08:15:06+00:00,74.45356444678038
2024-01-15 08:15:07+00:00,72.38430904121978
2024-01-15 08:15:08+00:00,75.10475135450457
2024-01-15 08:15:09+00:00,72.83158131684718
2024-01-15 08:15:10+00:00,73.49226092160832
2024-01-15 08:15:11+00:00,75.79405224564202
2024-01-15 08:15:12+00:00,76.10786444953531
2024-01-15 08:15:13+00:00,73.74158930832131
2024-01-15 08:15:14+00:00,76.94249617878485
2024-01-15 08:15:15+00:00,77.25704491541575
2024-01-15 08:15:16+00:00,77.78162288186233
2024-01-15 08:15:17+00:00,75.92756511891565
2024-01-15 08:15:18+00:00,77.54814431301241
2024-01-15 08:15:19+00:00,71.00518686914542
2024-01-15 08:15:20+00:00,74.0695519456895
2024-01-15 08:15:21+00:00,72.90317384447198
2024-01-15 08:15:22+00:00,74.80086380607229
2024-01-15 08:15:23+00:00,73.33833667639156
2024-01-15 08:15:24+00:00,74.06154066626843
2024-01-15 08:15:25+00:00,78.06484395177971
2024-01-15 08:15:26+00:00,73.86194240233034
2024-01-15 08:15:27+00:00,74.9243521248207
2024-01-15 08:15:28+00:00,73.52237349911024
2024-01-15 08:15:29+00:00,74.02351715775728
2024-01-15 08:15:30+00:00,73.764623114112
2024-01-15 08:15:31+00:00,74.52535649493039
2024-01-15 08:15:32+00:00,75.83137112113012
2024-01-15 08:15:33+00:00,76.66384062374765
2024-01-15 08:15:34+00:00,73.85316745228204
2024-01-15 08:15:35+00:00,74.27481154485336
2024-01-15 08:15:36+00:00,70.65304051493631
2024-01-15 08:15:37+00:00,72.63568138240258
2024-01-15 08:15:38+00:00,74.5466509663464
2024-01-15 08:15:39+00:00,74.25098164955111
2024-01-15 08:15:40+00:00,72.79393883382576
2024-01-15 08:15:41+00:00,73.99425567753676
2024-01-15 08:15:42+00:00,73.05319601249585
2024-01-15 08:15:43+00:00,74.3222908279691
2024-01-15 08:15:44+00:00,72.35060810573916
2024-01-15 08:15:45+00:00,70.9112747977803
2024-01-15 08:15:46+00:00,72.14607870480458
2024-01-15 08:15:47+00:00,65.46624593704266
2024-01-15 08:15:48+00:00,71.94792572234086
2024-01-15 08:15:49+00:00,63.74209234841399
2024-01-15 08:15:50+00:00,67.4511571377866
2024-01-15 08:15:51+00:00,71.66354132448497
2024-01-15 08:15:52+00:00,71.58008231105829
2024-01-15 08:15:53+00:00,68.16862231500137
2024-01-15 08:15:54+00:00,68.94149754601119
2024-01-15 08:15:55+00:00,72.9830902562846
2024-01-15 08:15:56+00:00,69.15464872895622
2024-01-15 08:15:57+00:00,74.49394257979827
2024-01-15 08:15:58+00:00,69.89463391928238
2024-01-15 08:15:59+00:00,70.61017037152254
2024-01-15 08:16:00+00:00,72.92898481302622
2024-01-15 08:16:01+00:00,69.86418895634687
2024-01-15 08:16:02+00:00,67.51033888491546
2024-01-15 08:16:03+00:00,69.21467520398078
2024-01-15 08:16:04+00:00,69.28842523451382
2024-01-15 08:16:05+00:00,66.5622795101789
2024-01-15 08:16:06+00:00,68.71898396212927
2024-01-15 08:16:07+00:00,67.69207114453233
2024-01-15 08:16:08+00:00,70.9780354658134
2024-01-15 08:16:09+00:00,69.1585835238205
2024-01-15 08:16:10+00:00,68.49108318589558
2024-01-15 08:16:11+00:00,68.8189825121216
2024-01-15 08:16:12+00:00,69.45968218737679
2024-01-15 08:16:13+00:00,70.23662317639396
2024-01-15 08:16:14+00:00,67.00061789837291
2024-01-15 08:16:15+00:00,66.92141300092936
2024-01-15 08:16:16+00:00,71.22597957679152
2024-01-15 08:16:17+00:00,68.21143717481289
2024-01-15 08:16:18+00:00,66.22932468640288
2024-01-15 08:16:19+00:00,69.98487319100268
2024-01-15 08:16:20+00:00,70.06548165378696
2024-01-15 08:16:21+00:00,66.12595745147465
2024-01-15 08:16:22+00:00,69.70202738648676
2024-01-15 08:16:23+00:00,70.77679703431433
2024-01-15 08:16:24+00:00,70.1237051664442
2024-01-15 08:16:25+00:00,70.71475794636208
2024-01-15 08:16:26+00:00,66.72449118341804
2024-01-15 08:16:27+00:00,70.2835102321297
2024-01-15 08:16:28+00:00,69.1105361321935
2024-01-15 08:16:29+00:00,68.85025043395329
2024-01-15 08:16:30+00:00,71.66245635613836
2024-01-15 08:16:31+00:00,72.99060409915795
2024-01-15 08:16:32+00:00,73.73642396494033
2024-01-15 08:16:33+00:00,72.89755820237463
2024-01-15 08:16:34+00:00,70.17306194153909
2024-01-15 08:16:35+00:00,71.22657631337275
2024-01-15 08:16:36+00:00,72.18708380326339
2024-01-15 08:16:37+00:00,71.03146173424352
2024-01-15 08:16:38+00:00,71.18932859220678
2024-01-15 08:16:39+00:00,72.71668080194331
2024-01-15 08:05:00+00:00,77.40556394879971
2024-01-15 08:05:01+00:00,70.76679692686454
2024-01-15 08:05:02+00:00,75.44124663637633
2024-01-15 08:05:03+00:00,72.9313279509156
2024-01-15 08:05:04+00:00,73.33654737490369
2024-01-15 08:05:05+00:00,71.22056948432173
2024-01-15 08:05:06+00:00,72.52130937468009
2024-01-15 08:05:07+00:00,75.65119118800898
2024-01-15 08:05:08+00:00,74.07466555421253
2024-01-15 08:05:09+00:00,76.22995843859042
2024-01-15 08:05:10+00:00,74.97422622376878
2024-01-15 08:05:11+00:00,73.35009483817943
2024-01-15 08:05:12+00:00,75.8111300092339
2024-01-15 08:05:13+00:00,73.05177876691178
2024-01-15 08:05:14+00:00,73.67986590495192
2024-01-15 08:05:15+00:00,71.28078503477406
2024-01-15 08:05:16+00:00,71.85737108103537
2024-01-15 08:05:17+00:00,70.1804734679741
2024-01-15 08:05:18+00:00,73.40659212506714
2024-01-15 08:05:19+00:00,68.9243512921191
2024-01-15 08:05:20+00:00,72.70099073484012
2024-01-15 08:05:21+00:00,70.612478271714
2024-01-15 08:05:22+00:00,73.19627993538262
2024-01-15 08:05:23+00:00,72.2183940263262
2024-01-15 08:05:24+00:00,74.2240263560982
2024-01-15 08:05:25+00:00,71.91390384182296
2024-01-15 08:05:26+00:00,67.18176267483318
2024-01-15 08:05:27+00:00,70.06961008708788
2024-01-15 08:05:28+00:00,67.74166556776652
2024-01-15 08:05:29+00:00,68.93606859145447
2024-01-15 08:05:30+00:00,72.88710083944608
2024-01-15 08:05:31+00:00,71.03706456938947
2024-01-15 08:05:32+00:00,68.26708290723961
2024-01-15 08:05:33+00:00,67.54629227283455
2024-01-15 08:05:34+00:00,69.55413885169328
2024-01-15 08:05:35+00:00,66.97657928281401
2024-01-15 08:05:36+00:00,67.99501834446232
2024-01-15 08:05:37+00:00,69.89557252608111
2024-01-15 08:05:38+00:00,71.52325203401028
2024-01-15 08:05:39+00:00,70.37819226352424
2024-01-15 08:05:40+00:00,64.53322850716513
2024-01-15 08:05:41+00:00,69.68688816683849
2024-01-15 08:05:42+00:00,69.19187213122024
2024-01-15 08:05:43+00:00,69.85261478154221
2024-01-15 08:05:44+00:00,72.24171916517763
2024-01-15 08:05:45+00:00,64.87476403231287
2024-01-15 08:05:46+00:00,67.81846985639875
2024-01-15 08:05:47+00:00,70.18942221944197
2024-01-15 08:05:48+00:00,65.85883305968022
2024-01-15 08:05:49+00:00,71.99577563388046
